--------------------------------------------------------
--  Fichier créé - dimanche-décembre-20-2020   
--------------------------------------------------------
--------------------------------------------------------
--  DDL for Sequence ID_RAMASSAGE
--------------------------------------------------------

   CREATE SEQUENCE  "ID_RAMASSAGE"  MINVALUE 100 MAXVALUE 9999999999999999999999999999 INCREMENT BY 11 START WITH 2305 CACHE 200 NOORDER  NOCYCLE ;
--------------------------------------------------------
--  DDL for Sequence ID_RECLAMATION
--------------------------------------------------------

   CREATE SEQUENCE  "ID_RECLAMATION"  MINVALUE 1 MAXVALUE 9999999999999999999999999999 INCREMENT BY 1 START WITH 21 CACHE 20 NOORDER  NOCYCLE ;
--------------------------------------------------------
--  DDL for Sequence ID_ZONEVERTE
--------------------------------------------------------

   CREATE SEQUENCE  "ID_ZONEVERTE"  MINVALUE 100 MAXVALUE 9999999999999999999999999999 INCREMENT BY 23 START WITH 460593 CACHE 20000 NOORDER  NOCYCLE ;
--------------------------------------------------------
--  DDL for Table CITOYEN
--------------------------------------------------------

  CREATE TABLE "CITOYEN" 
   (	"ID_CIT" VARCHAR2(20 BYTE), 
	"NOM_CIT" VARCHAR2(20 BYTE), 
	"PRENOM_CIT" VARCHAR2(20 BYTE), 
	"SEXE_CIT" VARCHAR2(20 BYTE), 
	"DATE_CIT" DATE, 
	"LIEU_CIT" VARCHAR2(20 BYTE), 
	"MAIL_CIT" VARCHAR2(20 BYTE), 
	"TEL_CIT" VARCHAR2(20 BYTE)
   ) SEGMENT CREATION IMMEDIATE 
  PCTFREE 10 PCTUSED 40 INITRANS 1 MAXTRANS 255 NOCOMPRESS LOGGING
  STORAGE(INITIAL 65536 NEXT 1048576 MINEXTENTS 1 MAXEXTENTS 2147483645
  PCTINCREASE 0 FREELISTS 1 FREELIST GROUPS 1 BUFFER_POOL DEFAULT FLASH_CACHE DEFAULT CELL_FLASH_CACHE DEFAULT)
  TABLESPACE "SYSTEM" ;
--------------------------------------------------------
--  DDL for Table CITOYEN2
--------------------------------------------------------

  CREATE TABLE "CITOYEN2" 
   (	"ID_CIT" VARCHAR2(26 BYTE), 
	"NOM_CIT" VARCHAR2(26 BYTE), 
	"PRENOM_CIT" VARCHAR2(26 BYTE), 
	"SEXE_CIT" VARCHAR2(26 BYTE), 
	"DATE_CIT" VARCHAR2(26 BYTE), 
	"LIEU_CIT" VARCHAR2(26 BYTE), 
	"MAIL_CIT" VARCHAR2(26 BYTE), 
	"TEL_CIT" VARCHAR2(26 BYTE)
   ) SEGMENT CREATION IMMEDIATE 
  PCTFREE 10 PCTUSED 40 INITRANS 1 MAXTRANS 255 NOCOMPRESS LOGGING
  STORAGE(INITIAL 65536 NEXT 1048576 MINEXTENTS 1 MAXEXTENTS 2147483645
  PCTINCREASE 0 FREELISTS 1 FREELIST GROUPS 1 BUFFER_POOL DEFAULT FLASH_CACHE DEFAULT CELL_FLASH_CACHE DEFAULT)
  TABLESPACE "SYSTEM" ;
--------------------------------------------------------
--  DDL for Table COMPTE
--------------------------------------------------------

  CREATE TABLE "COMPTE" 
   (	"IDENTIFIANT" VARCHAR2(20 BYTE), 
	"MOT_DE_PASSE" VARCHAR2(20 BYTE), 
	"TYPE_AUTHENT" VARCHAR2(20 BYTE), 
	"CIN" VARCHAR2(20 BYTE)
   ) SEGMENT CREATION IMMEDIATE 
  PCTFREE 10 PCTUSED 40 INITRANS 1 MAXTRANS 255 NOCOMPRESS LOGGING
  STORAGE(INITIAL 65536 NEXT 1048576 MINEXTENTS 1 MAXEXTENTS 2147483645
  PCTINCREASE 0 FREELISTS 1 FREELIST GROUPS 1 BUFFER_POOL DEFAULT FLASH_CACHE DEFAULT CELL_FLASH_CACHE DEFAULT)
  TABLESPACE "SYSTEM" ;
--------------------------------------------------------
--  DDL for Table EMPLOYE
--------------------------------------------------------

  CREATE TABLE "EMPLOYE" 
   (	"CIN" VARCHAR2(8 BYTE), 
	"NOM" VARCHAR2(20 BYTE), 
	"PRENOM" VARCHAR2(20 BYTE), 
	"ETAT" VARCHAR2(20 BYTE), 
	"TYPE" VARCHAR2(20 BYTE), 
	"MAIL" VARCHAR2(20 BYTE)
   ) SEGMENT CREATION IMMEDIATE 
  PCTFREE 10 PCTUSED 40 INITRANS 1 MAXTRANS 255 NOCOMPRESS LOGGING
  STORAGE(INITIAL 65536 NEXT 1048576 MINEXTENTS 1 MAXEXTENTS 2147483645
  PCTINCREASE 0 FREELISTS 1 FREELIST GROUPS 1 BUFFER_POOL DEFAULT FLASH_CACHE DEFAULT CELL_FLASH_CACHE DEFAULT)
  TABLESPACE "SYSTEM" ;
--------------------------------------------------------
--  DDL for Table EMPLOYE_MISSION
--------------------------------------------------------

  CREATE TABLE "EMPLOYE_MISSION" 
   (	"ID_MISSION" VARCHAR2(20 BYTE), 
	"CIN" VARCHAR2(20 BYTE)
   ) SEGMENT CREATION IMMEDIATE 
  PCTFREE 10 PCTUSED 40 INITRANS 1 MAXTRANS 255 NOCOMPRESS LOGGING
  STORAGE(INITIAL 65536 NEXT 1048576 MINEXTENTS 1 MAXEXTENTS 2147483645
  PCTINCREASE 0 FREELISTS 1 FREELIST GROUPS 1 BUFFER_POOL DEFAULT FLASH_CACHE DEFAULT CELL_FLASH_CACHE DEFAULT)
  TABLESPACE "SYSTEM" ;
--------------------------------------------------------
--  DDL for Table EMPLOYE_RAMASSAGE
--------------------------------------------------------

  CREATE TABLE "EMPLOYE_RAMASSAGE" 
   (	"CIN" VARCHAR2(20 BYTE), 
	"ID_RAMASSAGE" NUMBER
   ) SEGMENT CREATION IMMEDIATE 
  PCTFREE 10 PCTUSED 40 INITRANS 1 MAXTRANS 255 NOCOMPRESS LOGGING
  STORAGE(INITIAL 65536 NEXT 1048576 MINEXTENTS 1 MAXEXTENTS 2147483645
  PCTINCREASE 0 FREELISTS 1 FREELIST GROUPS 1 BUFFER_POOL DEFAULT FLASH_CACHE DEFAULT CELL_FLASH_CACHE DEFAULT)
  TABLESPACE "SYSTEM" ;
--------------------------------------------------------
--  DDL for Table EVENEMENT
--------------------------------------------------------

  CREATE TABLE "EVENEMENT" 
   (	"ID_EVENT" VARCHAR2(20 BYTE), 
	"NOM_EVENT" VARCHAR2(20 BYTE), 
	"TYPE_EVENT" VARCHAR2(20 BYTE), 
	"DATE_EVENT" DATE, 
	"HOR_EVENT" VARCHAR2(20 BYTE), 
	"EMPL_EVENT" VARCHAR2(20 BYTE), 
	"ETAT_EVENT" VARCHAR2(20 BYTE)
   ) SEGMENT CREATION IMMEDIATE 
  PCTFREE 10 PCTUSED 40 INITRANS 1 MAXTRANS 255 NOCOMPRESS LOGGING
  STORAGE(INITIAL 65536 NEXT 1048576 MINEXTENTS 1 MAXEXTENTS 2147483645
  PCTINCREASE 0 FREELISTS 1 FREELIST GROUPS 1 BUFFER_POOL DEFAULT FLASH_CACHE DEFAULT CELL_FLASH_CACHE DEFAULT)
  TABLESPACE "SYSTEM" ;
--------------------------------------------------------
--  DDL for Table MARCHANT
--------------------------------------------------------

  CREATE TABLE "MARCHANT" 
   (	"ID_MARCHANT" VARCHAR2(20 BYTE), 
	"NOM" VARCHAR2(20 BYTE), 
	"PRENOM" VARCHAR2(20 BYTE), 
	"EMPL" VARCHAR2(20 BYTE), 
	"NUM" VARCHAR2(20 BYTE)
   ) SEGMENT CREATION IMMEDIATE 
  PCTFREE 10 PCTUSED 40 INITRANS 1 MAXTRANS 255 NOCOMPRESS LOGGING
  STORAGE(INITIAL 65536 NEXT 1048576 MINEXTENTS 1 MAXEXTENTS 2147483645
  PCTINCREASE 0 FREELISTS 1 FREELIST GROUPS 1 BUFFER_POOL DEFAULT FLASH_CACHE DEFAULT CELL_FLASH_CACHE DEFAULT)
  TABLESPACE "SYSTEM" ;
--------------------------------------------------------
--  DDL for Table MISSION
--------------------------------------------------------

  CREATE TABLE "MISSION" 
   (	"ID_MISSION" VARCHAR2(20 BYTE), 
	"CIN_AGENT" VARCHAR2(20 BYTE), 
	"HORAIRE_DEPART" VARCHAR2(20 BYTE), 
	"EMPLACEMENT" VARCHAR2(20 BYTE), 
	"TYPE" VARCHAR2(20 BYTE), 
	"DATE_EXECUT" DATE
   ) SEGMENT CREATION IMMEDIATE 
  PCTFREE 10 PCTUSED 40 INITRANS 1 MAXTRANS 255 NOCOMPRESS LOGGING
  STORAGE(INITIAL 65536 NEXT 1048576 MINEXTENTS 1 MAXEXTENTS 2147483645
  PCTINCREASE 0 FREELISTS 1 FREELIST GROUPS 1 BUFFER_POOL DEFAULT FLASH_CACHE DEFAULT CELL_FLASH_CACHE DEFAULT)
  TABLESPACE "SYSTEM" ;
--------------------------------------------------------
--  DDL for Table MISSION_MARCHANT
--------------------------------------------------------

  CREATE TABLE "MISSION_MARCHANT" 
   (	"ID_MISSION" VARCHAR2(20 BYTE), 
	"ID_MARCHANT" VARCHAR2(20 BYTE)
   ) SEGMENT CREATION IMMEDIATE 
  PCTFREE 10 PCTUSED 40 INITRANS 1 MAXTRANS 255 NOCOMPRESS LOGGING
  STORAGE(INITIAL 65536 NEXT 1048576 MINEXTENTS 1 MAXEXTENTS 2147483645
  PCTINCREASE 0 FREELISTS 1 FREELIST GROUPS 1 BUFFER_POOL DEFAULT FLASH_CACHE DEFAULT CELL_FLASH_CACHE DEFAULT)
  TABLESPACE "SYSTEM" ;
--------------------------------------------------------
--  DDL for Table RAMASSAGE
--------------------------------------------------------

  CREATE TABLE "RAMASSAGE" 
   (	"ID_RAMASSAGE" NUMBER, 
	"MATRICULE" VARCHAR2(20 BYTE), 
	"DATE_RAMASSAGE" VARCHAR2(40 BYTE), 
	"NOMBRE_POUBELLE" VARCHAR2(20 BYTE), 
	"DUREE" VARCHAR2(20 BYTE), 
	"NOM_CARTIER" VARCHAR2(20 BYTE), 
	"HEURE_DEBUT" VARCHAR2(20 BYTE)
   ) SEGMENT CREATION IMMEDIATE 
  PCTFREE 10 PCTUSED 40 INITRANS 1 MAXTRANS 255 NOCOMPRESS LOGGING
  STORAGE(INITIAL 65536 NEXT 1048576 MINEXTENTS 1 MAXEXTENTS 2147483645
  PCTINCREASE 0 FREELISTS 1 FREELIST GROUPS 1 BUFFER_POOL DEFAULT FLASH_CACHE DEFAULT CELL_FLASH_CACHE DEFAULT)
  TABLESPACE "SYSTEM" ;
--------------------------------------------------------
--  DDL for Table RECLAMATION
--------------------------------------------------------

  CREATE TABLE "RECLAMATION" 
   (	"NOM_ROUTE" VARCHAR2(20 BYTE), 
	"TYPE_PANNE" VARCHAR2(20 BYTE), 
	"DATE_RECLAMAT" VARCHAR2(40 BYTE), 
	"NATURE" VARCHAR2(20 BYTE), 
	"ID" VARCHAR2(20 BYTE), 
	"ID_COMP" VARCHAR2(20 BYTE)
   ) SEGMENT CREATION IMMEDIATE 
  PCTFREE 10 PCTUSED 40 INITRANS 1 MAXTRANS 255 NOCOMPRESS LOGGING
  STORAGE(INITIAL 65536 NEXT 1048576 MINEXTENTS 1 MAXEXTENTS 2147483645
  PCTINCREASE 0 FREELISTS 1 FREELIST GROUPS 1 BUFFER_POOL DEFAULT FLASH_CACHE DEFAULT CELL_FLASH_CACHE DEFAULT)
  TABLESPACE "SYSTEM" ;
--------------------------------------------------------
--  DDL for Table RESSOURCE
--------------------------------------------------------

  CREATE TABLE "RESSOURCE" 
   (	"TYPE_ROUTE" VARCHAR2(20 BYTE), 
	"ETAT_COMPOSANT" VARCHAR2(20 BYTE), 
	"NOM_ROUTE" VARCHAR2(20 BYTE), 
	"POSX" FLOAT(126), 
	"POSY" FLOAT(126), 
	"ID" VARCHAR2(20 BYTE)
   ) SEGMENT CREATION IMMEDIATE 
  PCTFREE 10 PCTUSED 40 INITRANS 1 MAXTRANS 255 NOCOMPRESS LOGGING
  STORAGE(INITIAL 65536 NEXT 1048576 MINEXTENTS 1 MAXEXTENTS 2147483645
  PCTINCREASE 0 FREELISTS 1 FREELIST GROUPS 1 BUFFER_POOL DEFAULT FLASH_CACHE DEFAULT CELL_FLASH_CACHE DEFAULT)
  TABLESPACE "SYSTEM" ;
--------------------------------------------------------
--  DDL for Table ZONE_VERTE
--------------------------------------------------------

  CREATE TABLE "ZONE_VERTE" 
   (	"ID_ZONEVERTE" NUMBER, 
	"LIBELLE" VARCHAR2(20 BYTE), 
	"ADRESSE" VARCHAR2(20 BYTE), 
	"AIRE" VARCHAR2(20 BYTE)
   ) SEGMENT CREATION IMMEDIATE 
  PCTFREE 10 PCTUSED 40 INITRANS 1 MAXTRANS 255 NOCOMPRESS LOGGING
  STORAGE(INITIAL 65536 NEXT 1048576 MINEXTENTS 1 MAXEXTENTS 2147483645
  PCTINCREASE 0 FREELISTS 1 FREELIST GROUPS 1 BUFFER_POOL DEFAULT FLASH_CACHE DEFAULT CELL_FLASH_CACHE DEFAULT)
  TABLESPACE "SYSTEM" ;
REM INSERTING into CITOYEN
SET DEFINE OFF;
REM INSERTING into CITOYEN2
SET DEFINE OFF;
REM INSERTING into COMPTE
SET DEFINE OFF;
Insert into COMPTE (IDENTIFIANT,MOT_DE_PASSE,TYPE_AUTHENT,CIN) values ('1000','120','aa','07245656');
REM INSERTING into EMPLOYE
SET DEFINE OFF;
Insert into EMPLOYE (CIN,NOM,PRENOM,ETAT,TYPE,MAIL) values ('07245656','hamdi','hedi','1
','yy',null);
Insert into EMPLOYE (CIN,NOM,PRENOM,ETAT,TYPE,MAIL) values ('06552231','sss
','aa','1','uu',null);
Insert into EMPLOYE (CIN,NOM,PRENOM,ETAT,TYPE,MAIL) values ('06141417','jh','jkh','1','11',null);
Insert into EMPLOYE (CIN,NOM,PRENOM,ETAT,TYPE,MAIL) values ('01010101','po','dd','0','jj',null);
Insert into EMPLOYE (CIN,NOM,PRENOM,ETAT,TYPE,MAIL) values ('07333333','gd','dfg','0','ht',null);
REM INSERTING into EMPLOYE_MISSION
SET DEFINE OFF;
REM INSERTING into EMPLOYE_RAMASSAGE
SET DEFINE OFF;
Insert into EMPLOYE_RAMASSAGE (CIN,ID_RAMASSAGE) values ('01010101','666');
Insert into EMPLOYE_RAMASSAGE (CIN,ID_RAMASSAGE) values ('01010101','710');
Insert into EMPLOYE_RAMASSAGE (CIN,ID_RAMASSAGE) values ('01010101','754');
Insert into EMPLOYE_RAMASSAGE (CIN,ID_RAMASSAGE) values ('01010101','798');
Insert into EMPLOYE_RAMASSAGE (CIN,ID_RAMASSAGE) values ('01010101','842');
Insert into EMPLOYE_RAMASSAGE (CIN,ID_RAMASSAGE) values ('01010101','886');
Insert into EMPLOYE_RAMASSAGE (CIN,ID_RAMASSAGE) values ('07245656','666');
Insert into EMPLOYE_RAMASSAGE (CIN,ID_RAMASSAGE) values ('07245656','710');
Insert into EMPLOYE_RAMASSAGE (CIN,ID_RAMASSAGE) values ('07245656','754');
Insert into EMPLOYE_RAMASSAGE (CIN,ID_RAMASSAGE) values ('07245656','798');
Insert into EMPLOYE_RAMASSAGE (CIN,ID_RAMASSAGE) values ('07245656','842');
Insert into EMPLOYE_RAMASSAGE (CIN,ID_RAMASSAGE) values ('07245656','886');
Insert into EMPLOYE_RAMASSAGE (CIN,ID_RAMASSAGE) values ('07333333','666');
Insert into EMPLOYE_RAMASSAGE (CIN,ID_RAMASSAGE) values ('07333333','710');
Insert into EMPLOYE_RAMASSAGE (CIN,ID_RAMASSAGE) values ('07333333','754');
Insert into EMPLOYE_RAMASSAGE (CIN,ID_RAMASSAGE) values ('07333333','798');
Insert into EMPLOYE_RAMASSAGE (CIN,ID_RAMASSAGE) values ('07333333','842');
Insert into EMPLOYE_RAMASSAGE (CIN,ID_RAMASSAGE) values ('07333333','886');
REM INSERTING into EVENEMENT
SET DEFINE OFF;
Insert into EVENEMENT (ID_EVENT,NOM_EVENT,TYPE_EVENT,DATE_EVENT,HOR_EVENT,EMPL_EVENT,ETAT_EVENT) values ('111','jkh','ho',to_date('03/01/00','DD/MM/RR'),'11','iujp','pass??');
Insert into EVENEMENT (ID_EVENT,NOM_EVENT,TYPE_EVENT,DATE_EVENT,HOR_EVENT,EMPL_EVENT,ETAT_EVENT) values ('222','jkh','ho',to_date('03/01/20','DD/MM/RR'),'11','iujp','en attente');
REM INSERTING into MARCHANT
SET DEFINE OFF;
REM INSERTING into MISSION
SET DEFINE OFF;
REM INSERTING into MISSION_MARCHANT
SET DEFINE OFF;
REM INSERTING into RAMASSAGE
SET DEFINE OFF;
Insert into RAMASSAGE (ID_RAMASSAGE,MATRICULE,DATE_RAMASSAGE,NOMBRE_POUBELLE,DUREE,NOM_CARTIER,HEURE_DEBUT) values ('710','111TN564','01/12/2019','14','01:50','EL Menzah 1 ','12:00:00');
Insert into RAMASSAGE (ID_RAMASSAGE,MATRICULE,DATE_RAMASSAGE,NOMBRE_POUBELLE,DUREE,NOM_CARTIER,HEURE_DEBUT) values ('754','111TN120','01/12/2019','5','01:51','EL Menzah 1 ','12:00:00');
Insert into RAMASSAGE (ID_RAMASSAGE,MATRICULE,DATE_RAMASSAGE,NOMBRE_POUBELLE,DUREE,NOM_CARTIER,HEURE_DEBUT) values ('798','120TN2000','01/01/2016','7','01:10','Ennasr 2','01:00:00');
Insert into RAMASSAGE (ID_RAMASSAGE,MATRICULE,DATE_RAMASSAGE,NOMBRE_POUBELLE,DUREE,NOM_CARTIER,HEURE_DEBUT) values ('666','120TN200','01/01/2018','10','00:50','EL Menzah 6','12:00:00');
Insert into RAMASSAGE (ID_RAMASSAGE,MATRICULE,DATE_RAMASSAGE,NOMBRE_POUBELLE,DUREE,NOM_CARTIER,HEURE_DEBUT) values ('842','122TN656','11/01/2020','3','00:10','EL Menzah 1 ','01:00:00');
Insert into RAMASSAGE (ID_RAMASSAGE,MATRICULE,DATE_RAMASSAGE,NOMBRE_POUBELLE,DUREE,NOM_CARTIER,HEURE_DEBUT) values ('886','152TN1000','21/01/2019','7','01:00','EL Menzah 5 ','15:00:00');
REM INSERTING into RECLAMATION
SET DEFINE OFF;
Insert into RECLAMATION (NOM_ROUTE,TYPE_PANNE,DATE_RECLAMAT,NATURE,ID,ID_COMP) values ('Ghazela','potraux electrique','sam. d??c. 19 2020',null,'9','120');
REM INSERTING into RESSOURCE
SET DEFINE OFF;
Insert into RESSOURCE (TYPE_ROUTE,ETAT_COMPOSANT,NOM_ROUTE,POSX,POSY,ID) values (null,null,null,null,null,'120');
REM INSERTING into ZONE_VERTE
SET DEFINE OFF;
Insert into ZONE_VERTE (ID_ZONEVERTE,LIBELLE,ADRESSE,AIRE) values ('616','uuu','Rue Kaboul','500');
Insert into ZONE_VERTE (ID_ZONEVERTE,LIBELLE,ADRESSE,AIRE) values ('560','juju','Amilcar','156');
Insert into ZONE_VERTE (ID_ZONEVERTE,LIBELLE,ADRESSE,AIRE) values ('570','lkhjk','Rue Kaboul','123');
Insert into ZONE_VERTE (ID_ZONEVERTE,LIBELLE,ADRESSE,AIRE) values ('593','kok','Amilcar','255');
--------------------------------------------------------
--  DDL for Index RAMASSAGE_PK
--------------------------------------------------------

  CREATE UNIQUE INDEX "RAMASSAGE_PK" ON "RAMASSAGE" ("ID_RAMASSAGE") 
  PCTFREE 10 INITRANS 2 MAXTRANS 255 COMPUTE STATISTICS 
  STORAGE(INITIAL 65536 NEXT 1048576 MINEXTENTS 1 MAXEXTENTS 2147483645
  PCTINCREASE 0 FREELISTS 1 FREELIST GROUPS 1 BUFFER_POOL DEFAULT FLASH_CACHE DEFAULT CELL_FLASH_CACHE DEFAULT)
  TABLESPACE "SYSTEM" ;
--------------------------------------------------------
--  DDL for Index PK36
--------------------------------------------------------

  CREATE UNIQUE INDEX "PK36" ON "EMPLOYE_MISSION" ("ID_MISSION", "CIN") 
  PCTFREE 10 INITRANS 2 MAXTRANS 255 COMPUTE STATISTICS 
  STORAGE(INITIAL 65536 NEXT 1048576 MINEXTENTS 1 MAXEXTENTS 2147483645
  PCTINCREASE 0 FREELISTS 1 FREELIST GROUPS 1 BUFFER_POOL DEFAULT FLASH_CACHE DEFAULT CELL_FLASH_CACHE DEFAULT)
  TABLESPACE "SYSTEM" ;
--------------------------------------------------------
--  DDL for Index EMPLOYE_PK
--------------------------------------------------------

  CREATE UNIQUE INDEX "EMPLOYE_PK" ON "EMPLOYE" ("CIN") 
  PCTFREE 10 INITRANS 2 MAXTRANS 255 COMPUTE STATISTICS 
  STORAGE(INITIAL 65536 NEXT 1048576 MINEXTENTS 1 MAXEXTENTS 2147483645
  PCTINCREASE 0 FREELISTS 1 FREELIST GROUPS 1 BUFFER_POOL DEFAULT FLASH_CACHE DEFAULT CELL_FLASH_CACHE DEFAULT)
  TABLESPACE "SYSTEM" ;
--------------------------------------------------------
--  DDL for Index PK23
--------------------------------------------------------

  CREATE UNIQUE INDEX "PK23" ON "EVENEMENT" ("ID_EVENT") 
  PCTFREE 10 INITRANS 2 MAXTRANS 255 COMPUTE STATISTICS 
  STORAGE(INITIAL 65536 NEXT 1048576 MINEXTENTS 1 MAXEXTENTS 2147483645
  PCTINCREASE 0 FREELISTS 1 FREELIST GROUPS 1 BUFFER_POOL DEFAULT FLASH_CACHE DEFAULT CELL_FLASH_CACHE DEFAULT)
  TABLESPACE "SYSTEM" ;
--------------------------------------------------------
--  DDL for Index PK102
--------------------------------------------------------

  CREATE UNIQUE INDEX "PK102" ON "EMPLOYE_RAMASSAGE" ("CIN", "ID_RAMASSAGE") 
  PCTFREE 10 INITRANS 2 MAXTRANS 255 COMPUTE STATISTICS 
  STORAGE(INITIAL 65536 NEXT 1048576 MINEXTENTS 1 MAXEXTENTS 2147483645
  PCTINCREASE 0 FREELISTS 1 FREELIST GROUPS 1 BUFFER_POOL DEFAULT FLASH_CACHE DEFAULT CELL_FLASH_CACHE DEFAULT)
  TABLESPACE "SYSTEM" ;
--------------------------------------------------------
--  DDL for Index RECLAMATION_PK
--------------------------------------------------------

  CREATE UNIQUE INDEX "RECLAMATION_PK" ON "RECLAMATION" ("ID", "ID_COMP") 
  PCTFREE 10 INITRANS 2 MAXTRANS 255 COMPUTE STATISTICS 
  STORAGE(INITIAL 65536 NEXT 1048576 MINEXTENTS 1 MAXEXTENTS 2147483645
  PCTINCREASE 0 FREELISTS 1 FREELIST GROUPS 1 BUFFER_POOL DEFAULT FLASH_CACHE DEFAULT CELL_FLASH_CACHE DEFAULT)
  TABLESPACE "SYSTEM" ;
--------------------------------------------------------
--  DDL for Index RAMASSAGE_INDEX1
--------------------------------------------------------

  CREATE INDEX "RAMASSAGE_INDEX1" ON "RAMASSAGE" ("DATE_RAMASSAGE") 
  PCTFREE 10 INITRANS 2 MAXTRANS 255 COMPUTE STATISTICS 
  STORAGE(INITIAL 65536 NEXT 1048576 MINEXTENTS 1 MAXEXTENTS 2147483645
  PCTINCREASE 0 FREELISTS 1 FREELIST GROUPS 1 BUFFER_POOL DEFAULT FLASH_CACHE DEFAULT CELL_FLASH_CACHE DEFAULT)
  TABLESPACE "SYSTEM" ;
--------------------------------------------------------
--  DDL for Index RESSOURCE_PK
--------------------------------------------------------

  CREATE UNIQUE INDEX "RESSOURCE_PK" ON "RESSOURCE" ("ID") 
  PCTFREE 10 INITRANS 2 MAXTRANS 255 COMPUTE STATISTICS 
  STORAGE(INITIAL 65536 NEXT 1048576 MINEXTENTS 1 MAXEXTENTS 2147483645
  PCTINCREASE 0 FREELISTS 1 FREELIST GROUPS 1 BUFFER_POOL DEFAULT FLASH_CACHE DEFAULT CELL_FLASH_CACHE DEFAULT)
  TABLESPACE "SYSTEM" ;
--------------------------------------------------------
--  DDL for Index PK24
--------------------------------------------------------

  CREATE UNIQUE INDEX "PK24" ON "MARCHANT" ("ID_MARCHANT") 
  PCTFREE 10 INITRANS 2 MAXTRANS 255 COMPUTE STATISTICS 
  STORAGE(INITIAL 65536 NEXT 1048576 MINEXTENTS 1 MAXEXTENTS 2147483645
  PCTINCREASE 0 FREELISTS 1 FREELIST GROUPS 1 BUFFER_POOL DEFAULT FLASH_CACHE DEFAULT CELL_FLASH_CACHE DEFAULT)
  TABLESPACE "SYSTEM" ;
--------------------------------------------------------
--  DDL for Index PK66
--------------------------------------------------------

  CREATE UNIQUE INDEX "PK66" ON "COMPTE" ("IDENTIFIANT") 
  PCTFREE 10 INITRANS 2 MAXTRANS 255 COMPUTE STATISTICS 
  STORAGE(INITIAL 65536 NEXT 1048576 MINEXTENTS 1 MAXEXTENTS 2147483645
  PCTINCREASE 0 FREELISTS 1 FREELIST GROUPS 1 BUFFER_POOL DEFAULT FLASH_CACHE DEFAULT CELL_FLASH_CACHE DEFAULT)
  TABLESPACE "SYSTEM" ;
--------------------------------------------------------
--  DDL for Index ZONE_VERTE_PK1
--------------------------------------------------------

  CREATE UNIQUE INDEX "ZONE_VERTE_PK1" ON "ZONE_VERTE" ("ID_ZONEVERTE") 
  PCTFREE 10 INITRANS 2 MAXTRANS 255 COMPUTE STATISTICS 
  STORAGE(INITIAL 65536 NEXT 1048576 MINEXTENTS 1 MAXEXTENTS 2147483645
  PCTINCREASE 0 FREELISTS 1 FREELIST GROUPS 1 BUFFER_POOL DEFAULT FLASH_CACHE DEFAULT CELL_FLASH_CACHE DEFAULT)
  TABLESPACE "SYSTEM" ;
--------------------------------------------------------
--  DDL for Index PK38
--------------------------------------------------------

  CREATE UNIQUE INDEX "PK38" ON "MISSION_MARCHANT" ("ID_MISSION", "ID_MARCHANT") 
  PCTFREE 10 INITRANS 2 MAXTRANS 255 COMPUTE STATISTICS 
  STORAGE(INITIAL 65536 NEXT 1048576 MINEXTENTS 1 MAXEXTENTS 2147483645
  PCTINCREASE 0 FREELISTS 1 FREELIST GROUPS 1 BUFFER_POOL DEFAULT FLASH_CACHE DEFAULT CELL_FLASH_CACHE DEFAULT)
  TABLESPACE "SYSTEM" ;
--------------------------------------------------------
--  DDL for Index PK22
--------------------------------------------------------

  CREATE UNIQUE INDEX "PK22" ON "CITOYEN" ("ID_CIT") 
  PCTFREE 10 INITRANS 2 MAXTRANS 255 COMPUTE STATISTICS 
  STORAGE(INITIAL 65536 NEXT 1048576 MINEXTENTS 1 MAXEXTENTS 2147483645
  PCTINCREASE 0 FREELISTS 1 FREELIST GROUPS 1 BUFFER_POOL DEFAULT FLASH_CACHE DEFAULT CELL_FLASH_CACHE DEFAULT)
  TABLESPACE "SYSTEM" ;
--------------------------------------------------------
--  DDL for Index PK25
--------------------------------------------------------

  CREATE UNIQUE INDEX "PK25" ON "MISSION" ("ID_MISSION") 
  PCTFREE 10 INITRANS 2 MAXTRANS 255 COMPUTE STATISTICS 
  STORAGE(INITIAL 65536 NEXT 1048576 MINEXTENTS 1 MAXEXTENTS 2147483645
  PCTINCREASE 0 FREELISTS 1 FREELIST GROUPS 1 BUFFER_POOL DEFAULT FLASH_CACHE DEFAULT CELL_FLASH_CACHE DEFAULT)
  TABLESPACE "SYSTEM" ;
--------------------------------------------------------
--  DDL for Trigger RECLAMATION_TRIGGER
--------------------------------------------------------

  CREATE OR REPLACE TRIGGER "RECLAMATION_TRIGGER" 
BEFORE INSERT ON RECLAMATION 
FOR EACH ROW
BEGIN 
:new.ID:= ID_Reclamation.nextval; 
END; 

/
ALTER TRIGGER "RECLAMATION_TRIGGER" ENABLE;
--------------------------------------------------------
--  Constraints for Table EMPLOYE_RAMASSAGE
--------------------------------------------------------

  ALTER TABLE "EMPLOYE_RAMASSAGE" ADD CONSTRAINT "PK102" PRIMARY KEY ("CIN", "ID_RAMASSAGE")
  USING INDEX PCTFREE 10 INITRANS 2 MAXTRANS 255 COMPUTE STATISTICS 
  STORAGE(INITIAL 65536 NEXT 1048576 MINEXTENTS 1 MAXEXTENTS 2147483645
  PCTINCREASE 0 FREELISTS 1 FREELIST GROUPS 1 BUFFER_POOL DEFAULT FLASH_CACHE DEFAULT CELL_FLASH_CACHE DEFAULT)
  TABLESPACE "SYSTEM"  ENABLE;
--------------------------------------------------------
--  Constraints for Table RAMASSAGE
--------------------------------------------------------

  ALTER TABLE "RAMASSAGE" MODIFY ("ID_RAMASSAGE" NOT NULL ENABLE);
  ALTER TABLE "RAMASSAGE" ADD CONSTRAINT "RAMASSAGE_PK" PRIMARY KEY ("ID_RAMASSAGE")
  USING INDEX PCTFREE 10 INITRANS 2 MAXTRANS 255 COMPUTE STATISTICS 
  STORAGE(INITIAL 65536 NEXT 1048576 MINEXTENTS 1 MAXEXTENTS 2147483645
  PCTINCREASE 0 FREELISTS 1 FREELIST GROUPS 1 BUFFER_POOL DEFAULT FLASH_CACHE DEFAULT CELL_FLASH_CACHE DEFAULT)
  TABLESPACE "SYSTEM"  ENABLE;
--------------------------------------------------------
--  Constraints for Table CITOYEN
--------------------------------------------------------

  ALTER TABLE "CITOYEN" ADD CONSTRAINT "PK22" PRIMARY KEY ("ID_CIT")
  USING INDEX PCTFREE 10 INITRANS 2 MAXTRANS 255 COMPUTE STATISTICS 
  STORAGE(INITIAL 65536 NEXT 1048576 MINEXTENTS 1 MAXEXTENTS 2147483645
  PCTINCREASE 0 FREELISTS 1 FREELIST GROUPS 1 BUFFER_POOL DEFAULT FLASH_CACHE DEFAULT CELL_FLASH_CACHE DEFAULT)
  TABLESPACE "SYSTEM"  ENABLE;
--------------------------------------------------------
--  Constraints for Table RECLAMATION
--------------------------------------------------------

  ALTER TABLE "RECLAMATION" MODIFY ("ID" NOT NULL ENABLE);
  ALTER TABLE "RECLAMATION" MODIFY ("ID_COMP" NOT NULL ENABLE);
  ALTER TABLE "RECLAMATION" ADD CONSTRAINT "RECLAMATION_PK" PRIMARY KEY ("ID", "ID_COMP")
  USING INDEX PCTFREE 10 INITRANS 2 MAXTRANS 255 COMPUTE STATISTICS 
  STORAGE(INITIAL 65536 NEXT 1048576 MINEXTENTS 1 MAXEXTENTS 2147483645
  PCTINCREASE 0 FREELISTS 1 FREELIST GROUPS 1 BUFFER_POOL DEFAULT FLASH_CACHE DEFAULT CELL_FLASH_CACHE DEFAULT)
  TABLESPACE "SYSTEM"  ENABLE;
--------------------------------------------------------
--  Constraints for Table ZONE_VERTE
--------------------------------------------------------

  ALTER TABLE "ZONE_VERTE" MODIFY ("ID_ZONEVERTE" NOT NULL ENABLE);
  ALTER TABLE "ZONE_VERTE" ADD CONSTRAINT "ZONE_VERTE_PK" PRIMARY KEY ("ID_ZONEVERTE")
  USING INDEX PCTFREE 10 INITRANS 2 MAXTRANS 255 COMPUTE STATISTICS 
  STORAGE(INITIAL 65536 NEXT 1048576 MINEXTENTS 1 MAXEXTENTS 2147483645
  PCTINCREASE 0 FREELISTS 1 FREELIST GROUPS 1 BUFFER_POOL DEFAULT FLASH_CACHE DEFAULT CELL_FLASH_CACHE DEFAULT)
  TABLESPACE "SYSTEM"  ENABLE;
--------------------------------------------------------
--  Constraints for Table MARCHANT
--------------------------------------------------------

  ALTER TABLE "MARCHANT" ADD CONSTRAINT "PK24" PRIMARY KEY ("ID_MARCHANT")
  USING INDEX PCTFREE 10 INITRANS 2 MAXTRANS 255 COMPUTE STATISTICS 
  STORAGE(INITIAL 65536 NEXT 1048576 MINEXTENTS 1 MAXEXTENTS 2147483645
  PCTINCREASE 0 FREELISTS 1 FREELIST GROUPS 1 BUFFER_POOL DEFAULT FLASH_CACHE DEFAULT CELL_FLASH_CACHE DEFAULT)
  TABLESPACE "SYSTEM"  ENABLE;
--------------------------------------------------------
--  Constraints for Table RESSOURCE
--------------------------------------------------------

  ALTER TABLE "RESSOURCE" MODIFY ("ID" NOT NULL ENABLE);
  ALTER TABLE "RESSOURCE" ADD CONSTRAINT "RESSOURCE_PK" PRIMARY KEY ("ID")
  USING INDEX PCTFREE 10 INITRANS 2 MAXTRANS 255 COMPUTE STATISTICS 
  STORAGE(INITIAL 65536 NEXT 1048576 MINEXTENTS 1 MAXEXTENTS 2147483645
  PCTINCREASE 0 FREELISTS 1 FREELIST GROUPS 1 BUFFER_POOL DEFAULT FLASH_CACHE DEFAULT CELL_FLASH_CACHE DEFAULT)
  TABLESPACE "SYSTEM"  ENABLE;
--------------------------------------------------------
--  Constraints for Table EMPLOYE
--------------------------------------------------------

  ALTER TABLE "EMPLOYE" ADD CONSTRAINT "EMPLOYE_PK" PRIMARY KEY ("CIN")
  USING INDEX PCTFREE 10 INITRANS 2 MAXTRANS 255 COMPUTE STATISTICS 
  STORAGE(INITIAL 65536 NEXT 1048576 MINEXTENTS 1 MAXEXTENTS 2147483645
  PCTINCREASE 0 FREELISTS 1 FREELIST GROUPS 1 BUFFER_POOL DEFAULT FLASH_CACHE DEFAULT CELL_FLASH_CACHE DEFAULT)
  TABLESPACE "SYSTEM"  ENABLE;
  ALTER TABLE "EMPLOYE" MODIFY ("CIN" NOT NULL ENABLE);
--------------------------------------------------------
--  Constraints for Table COMPTE
--------------------------------------------------------

  ALTER TABLE "COMPTE" ADD CONSTRAINT "PK66" PRIMARY KEY ("IDENTIFIANT")
  USING INDEX PCTFREE 10 INITRANS 2 MAXTRANS 255 COMPUTE STATISTICS 
  STORAGE(INITIAL 65536 NEXT 1048576 MINEXTENTS 1 MAXEXTENTS 2147483645
  PCTINCREASE 0 FREELISTS 1 FREELIST GROUPS 1 BUFFER_POOL DEFAULT FLASH_CACHE DEFAULT CELL_FLASH_CACHE DEFAULT)
  TABLESPACE "SYSTEM"  ENABLE;
--------------------------------------------------------
--  Constraints for Table EVENEMENT
--------------------------------------------------------

  ALTER TABLE "EVENEMENT" ADD CONSTRAINT "PK23" PRIMARY KEY ("ID_EVENT")
  USING INDEX PCTFREE 10 INITRANS 2 MAXTRANS 255 COMPUTE STATISTICS 
  STORAGE(INITIAL 65536 NEXT 1048576 MINEXTENTS 1 MAXEXTENTS 2147483645
  PCTINCREASE 0 FREELISTS 1 FREELIST GROUPS 1 BUFFER_POOL DEFAULT FLASH_CACHE DEFAULT CELL_FLASH_CACHE DEFAULT)
  TABLESPACE "SYSTEM"  ENABLE;
--------------------------------------------------------
--  Constraints for Table EMPLOYE_MISSION
--------------------------------------------------------

  ALTER TABLE "EMPLOYE_MISSION" ADD CONSTRAINT "PK36" PRIMARY KEY ("ID_MISSION", "CIN")
  USING INDEX PCTFREE 10 INITRANS 2 MAXTRANS 255 COMPUTE STATISTICS 
  STORAGE(INITIAL 65536 NEXT 1048576 MINEXTENTS 1 MAXEXTENTS 2147483645
  PCTINCREASE 0 FREELISTS 1 FREELIST GROUPS 1 BUFFER_POOL DEFAULT FLASH_CACHE DEFAULT CELL_FLASH_CACHE DEFAULT)
  TABLESPACE "SYSTEM"  ENABLE;
--------------------------------------------------------
--  Constraints for Table MISSION
--------------------------------------------------------

  ALTER TABLE "MISSION" ADD CONSTRAINT "PK25" PRIMARY KEY ("ID_MISSION")
  USING INDEX PCTFREE 10 INITRANS 2 MAXTRANS 255 COMPUTE STATISTICS 
  STORAGE(INITIAL 65536 NEXT 1048576 MINEXTENTS 1 MAXEXTENTS 2147483645
  PCTINCREASE 0 FREELISTS 1 FREELIST GROUPS 1 BUFFER_POOL DEFAULT FLASH_CACHE DEFAULT CELL_FLASH_CACHE DEFAULT)
  TABLESPACE "SYSTEM"  ENABLE;
--------------------------------------------------------
--  Constraints for Table MISSION_MARCHANT
--------------------------------------------------------

  ALTER TABLE "MISSION_MARCHANT" ADD CONSTRAINT "PK38" PRIMARY KEY ("ID_MISSION", "ID_MARCHANT")
  USING INDEX PCTFREE 10 INITRANS 2 MAXTRANS 255 COMPUTE STATISTICS 
  STORAGE(INITIAL 65536 NEXT 1048576 MINEXTENTS 1 MAXEXTENTS 2147483645
  PCTINCREASE 0 FREELISTS 1 FREELIST GROUPS 1 BUFFER_POOL DEFAULT FLASH_CACHE DEFAULT CELL_FLASH_CACHE DEFAULT)
  TABLESPACE "SYSTEM"  ENABLE;
--------------------------------------------------------
--  Ref Constraints for Table EMPLOYE_MISSION
--------------------------------------------------------

  ALTER TABLE "EMPLOYE_MISSION" ADD CONSTRAINT "FK10" FOREIGN KEY ("ID_MISSION")
	  REFERENCES "MISSION" ("ID_MISSION") ENABLE;
  ALTER TABLE "EMPLOYE_MISSION" ADD CONSTRAINT "FK11" FOREIGN KEY ("CIN")
	  REFERENCES "EMPLOYE" ("CIN") ENABLE;
--------------------------------------------------------
--  Ref Constraints for Table EMPLOYE_RAMASSAGE
--------------------------------------------------------

  ALTER TABLE "EMPLOYE_RAMASSAGE" ADD CONSTRAINT "EMPLOYE_RAMASSAGE_FK1" FOREIGN KEY ("ID_RAMASSAGE")
	  REFERENCES "RAMASSAGE" ("ID_RAMASSAGE") ENABLE;
  ALTER TABLE "EMPLOYE_RAMASSAGE" ADD CONSTRAINT "FK100" FOREIGN KEY ("CIN")
	  REFERENCES "EMPLOYE" ("CIN") ENABLE;
--------------------------------------------------------
--  Ref Constraints for Table MISSION_MARCHANT
--------------------------------------------------------

  ALTER TABLE "MISSION_MARCHANT" ADD CONSTRAINT "FK14" FOREIGN KEY ("ID_MISSION")
	  REFERENCES "MISSION" ("ID_MISSION") ENABLE;
  ALTER TABLE "MISSION_MARCHANT" ADD CONSTRAINT "FK140" FOREIGN KEY ("ID_MARCHANT")
	  REFERENCES "MARCHANT" ("ID_MARCHANT") ENABLE;
--------------------------------------------------------
--  Ref Constraints for Table RECLAMATION
--------------------------------------------------------

  ALTER TABLE "RECLAMATION" ADD CONSTRAINT "RECLAMATION_FK112" FOREIGN KEY ("ID_COMP")
	  REFERENCES "RESSOURCE" ("ID") ENABLE;
